Timeperiod,2015,2016,2017,2018,2019,2020,2021,2022,2023,2024,2025
Austria,10784,10603,10641,10379,7021,47984,49551,50917,51998,7400,
Belgium,,,,71927,,,73857,75208,,,
Bulgaria,124,213,262,377,572,583,791,762,822,1047,
Canada,204556,211160,217978,225015,232280,239779.94,264075,276153.41,288784.28,301992.86,
Costa Rica,12142,12199,12476,12945,13296,14817,16237,15455,15084,14918,15107
Croatia,407,381,417,634,638,614,691,742,799,836,
Czechia,26262,27544,23758,24141,24533,25490,25990,29613,29534,30044,
Denmark,91729,93104,94364,93959,92505,91398,90712,90178,89658,,
Estonia,3670,3673,3687,3812,3953,4083,3843,4015,4141,4200,136941.43
Finland,106384,107858,108656,110420,110656,113170,124998,128056,131234,135211.38,
France,856361,873361,890848,855172,854675,864941,859956,,,,
Germany,529000,,575000,,629000,,669000,,688000,,
Greece,5988,5827,5775,6044,5897,6369,6551,6712,6450,6416,
Hungary,7644,27247,26982,27569,28228,27291,27045,27895,27321,27849,
Iceland,4800,4600,5200,5300,5700,6500,,,,,28758
Ireland,23946,24381,24709,25437,25438,26325,27132,27208,27995,28122,
Israel,104300,106233,107700,105800,108200,116100,126700,134200,137700,141500,
Italy,602494,621780,623651,623271,623152,609076,619357,628973,649265,645600,
Japan,,,,,,171684.8,,,158714,,
Latvia,2109,2100,2159,2182,2193,2268,2374,2416,2458,2489,
Lithuania,7235,7515,7685,7966,8012,5536,5641,5803,6412,6723,
Luxembourg,3415,3531,3644,,,,,,,,
Malta,3058,3074,3077,3478,3543,4213,5270,5286,5908,6426,
Netherlands,234000,219000,224000,225000,234000,232000,250000,258000,262000,266000,
Norway,96240,95699,96277,97386,97421,97359,98209,98876,100201,101300,
Poland,,5675,6748,7719,8564,9232,10948,12390,,,
Romania,62687,66093,69184,70081,72163,73653,75834,76385,76078,77293,
Serbia,,,,,,95,98,97,105,105,
Slovenia,3798,1777,2058,2341,2500,2691,2603,2573,2652,2643,
Spain,428533,435933,453833,475833,495867,521033,546733,574800,594200,608267,
Switzerland,63245,64367,65137,64754,65674,67474,67712,69256,70985,75449,
United Kingdom,1016240,1038731,1086400,1123902,1162698,1202834,1243860,1206544.2,,,
United States,3785290,3922980,4481280,4617690,4683430,4667760,4765610,4889700,5122140,5464490,
Ukraine,,,,,,,,,20950,21600,
